ticket_revenue_m,other_revenue_m,total_revenue_m,salary_m,operating_cost_m,ebitda_m,interest_m,net_profit_m,revenue_multiple_value_m,ebitda_multiple_value_m,dcf_value_m,valuation_m,end_debt_m,ending_cash_m,achieved_leverage,preferred_leverage,valuation_rate_discount,action,expected_wins,avg_attendance_rate,total_home_attendance,extra_salary_m,decision_score
21.070987301279775,8.5,29.570987301279775,4.4,17.742592380767864,7.428394920511909,1.3875,6.040894920511909,292.7527742826698,74.28394920511909,68.79908103916338,292.7527742826698,14.637638714133491,8.178533634645401,0.05,0.05,1.0,NO_MOVE,11.209299197128493,0.4513301148659453,171505.44364905922,0.0,10.032186534751956
25.20090081233061,8.85,34.05090081233061,10.4,20.430540487398364,3.2203603249322477,1.3875,1.8328603249322477,337.1039180420731,32.20360324932248,20.874242589506146,337.1039180420731,16.855195902103656,6.188056227035903,0.05000000000000001,0.05,1.0,SIGN_STAR,15.098188086017382,0.5397908173796706,205120.5106042748,6.0,6.489419095563343
26.812831340878514,9.05,35.862831340878515,13.4,21.517698804527107,0.9451325363514087,1.3875,-0.44236746364859125,355.0420302746973,9.451325363514087,0.11388888888888885,355.0420302746973,17.752101513734868,4.809734050086276,0.05,0.05,1.0,TRADE_SUPERSTAR,16.48707697490627,0.5743175711669154,218240.67704342786,9.0,4.483262990471868
