metric,p10,p50,p90,mean
net_profit_m,5.298344644411887,6.013099416609239,6.789809161802643,6.036779800732115
valuation_m,275.4619377598505,292.1247708823681,310.90119118604105,292.7748384892632
achieved_leverage,0.05,0.05,0.05,0.049999999999999996
