ticket_revenue_m,other_revenue_m,total_revenue_m,salary_m,operating_cost_m,ebitda_m,interest_m,net_profit_m,revenue_multiple_value_m,ebitda_multiple_value_m,dcf_value_m,valuation_m,end_debt_m,ending_cash_m,achieved_leverage,preferred_leverage,valuation_rate_discount,scenario,expected_wins,interest_rate
21.070987301279775,8.5,29.570987301279775,4.4,17.742592380767864,7.428394920511909,1.3875,6.040894920511909,292.7527742826698,74.28394920511909,68.79908103916338,292.7527742826698,14.637638714133491,8.178533634645401,0.05,0.05,1.0,baseline,11.209299197128491,0.0925
21.070987301279775,8.5,29.570987301279775,4.4,17.742592380767864,7.428394920511909,1.5374999999999999,5.89089492051191,259.648418416945,65.88395267007937,62.89757597421568,259.648418416945,12.98242092084725,6.37331584135916,0.05,0.05,0.8869204367171576,interest_rate_up_1pct,11.209299197128491,0.1025
21.070987301279775,8.5,29.570987301279775,4.4,17.742592380767864,7.428394920511909,1.2375,6.1908949205119095,330.0778312948378,83.75491885165403,70.50741437249673,330.0778312948378,16.50389156474189,10.194786485253797,0.049999999999999996,0.05,1.1274968515793755,interest_rate_down_1pct,11.209299197128491,0.0825
21.070987301279775,9.350000000000001,30.420987301279776,4.4,18.252592380767865,7.768394920511909,1.3875,6.380894920511909,301.1677742826698,77.68394920511909,72.6713032613856,301.1677742826698,15.058388714133493,8.939283634645403,0.05,0.05,1.0,big_market_expansion,11.209299197128491,0.0925
21.070987301279775,8.5,29.570987301279775,4.4,17.742592380767864,7.428394920511909,1.3875,6.040894920511909,292.7527742826698,74.28394920511909,68.79908103916338,292.7527742826698,14.637638714133491,8.178533634645401,0.05,0.05,1.0,mid_market_expansion,11.209299197128491,0.0925
21.070987301279775,7.82,28.890987301279775,4.4,17.334592380767866,7.156394920511907,1.3875,5.768894920511907,286.0207742826698,71.56394920511907,65.70130326138558,286.0207742826698,14.30103871413349,7.569933634645398,0.05,0.05,1.0,small_market_expansion,11.209299197128491,0.0925
18.121049079100608,8.5,26.621049079100608,4.4,15.972629447460363,6.248419631640246,1.3875,4.860919631640246,263.54838588309605,62.48419631640246,55.36047358256944,263.54838588309605,13.177419294154802,5.538338925795048,0.05,0.05,1.0,key_player_injury,6.533630630295231,0.0925
