factor,net_profit_m,valuation_m,profit_delta_m,valuation_delta_m
ticket_revenue_-20pct,4.35521593640953,251.0322194261358,-1.6856789841023794,-41.720554856533994
ticket_revenue_+20pct,7.72657390461429,334.47332913920366,1.6856789841023812,41.72055485653385
other_revenue_-15pct,5.530894920511911,280.13027428266975,-0.509999999999998,-12.62250000000006
other_revenue_+15pct,6.550894920511911,305.37527428266975,0.5100000000000016,12.622499999999945
salary_cost_+15pct,5.380894920511909,292.75277428266975,-0.6600000000000001,-5.684341886080802e-14
salary_cost_-10pct,6.480894920511907,292.75277428266975,0.4399999999999977,-5.684341886080802e-14
interest_rate_+1pct,5.89089492051191,259.64841841694493,-0.14999999999999947,-33.10435586572487
interest_rate_-1pct,6.1908949205119095,330.0778312948377,0.15000000000000036,37.32505701216792
