method,valuation_m
revenue_multiple,292.7527742826698
ebitda_multiple,74.28394920511909
simplified_dcf,68.79908103916338
weighted_final,292.7527742826698
