n_train,n_validation,mae,mape,r2,ridge_lambda
3693,924,1462.5044616201028,0.2831214051513457,0.5700052223543919,5.0
