feature,coefficient
intercept,5.508101164607628
pred_home_win_prob,0.008445809723467644
home_elo_pre,0.0007694866697593588
away_elo_pre,0.00044981728148939124
month,0.003997725594597682
is_weekend,0.10339088102166742
home_rest_days,0.00133361756226872
away_rest_days,0.000416680554468038
rest_diff,0.0009169370051297631
capacity,8.661940218377353e-05
