bin,n,pred_mean,actual_win_rate
"(0.2, 0.3]",3,0.2862361198226132,1.0
"(0.3, 0.4]",188,0.3684471015947928,0.4787234042553192
"(0.4, 0.5]",1021,0.4606043764562523,0.4877571008814887
"(0.5, 0.6]",2068,0.5509901782785883,0.5038684719535783
"(0.6, 0.7]",1480,0.64162974528818,0.522972972972973
"(0.7, 0.8]",298,0.7283157031637686,0.5436241610738255
"(0.8, 0.9]",7,0.8040448174846249,0.5714285714285714
